lesson,lesson_code,link
Beg L1C1,Klear Beg L1C1 Quizlet,https://quizlet.com/932009666/klear-beginning1-lesson1-conversation1-flash-cards/?i=5mc1lp&x=1jqt
Beg L1C2,Klear Beg L1C2 Quizlet,https://quizlet.com/932010103/klear-beginning1-lesson1-conversation2-flash-cards/?i=5mc1lp&x=1jqt
Beg L2C1,Klear Beg L2C1 Quizlet,https://quizlet.com/932010478/klear-beginning1-lesson2-conversation1-flash-cards/?i=5mc1lp&x=1jqt
Beg L2C2,Klear Beg L2C2 Quizlet,https://quizlet.com/932010946/klear-beginning1-lesson2-conversation2-flash-cards/?i=5mc1lp&x=1jqt
Beg L3C1,Klear Beg L3C1 Quizlet,https://quizlet.com/932011386/klear-beginning1-lesson3-conversation1-flash-cards/?i=5mc1lp&x=1jqt
Beg L3C2,Klear Beg L3C2 Quizlet,https://quizlet.com/932011712/klear-beginning1-lesson3-conversation2-flash-cards/?i=5mc1lp&x=1jqt
Beg L4C1,Klear Beg L4C1 Quizlet,https://quizlet.com/932011944/klear-beginning1-lesson4-conversation1-flash-cards/?i=5mc1lp&x=1jqt
Beg L4C2,Klear Beg L4C2 Quizlet,https://quizlet.com/932012200/klear-beginning1-lesson4-conversation2-flash-cards/?i=5mc1lp&x=1jqt
Beg L5C1,Klear Beg L5C1 Quizlet,https://quizlet.com/932012535/klear-beginning1-lesson5-conversation1-flash-cards/?i=5mc1lp&x=1jqt
Beg L5C2,Klear Beg L5C2 Quizlet,https://quizlet.com/932029631/klear-beginning1-lesson5-conversation2-flash-cards/?i=5mc1lp&x=1jqt
Beg L6C1,Klear Beg L6C1 Quizlet,https://quizlet.com/932030269/klear-beginning1-lesson6-conversation1-flash-cards/?i=5mc1lp&x=1jqt
Beg L6C2,Klear Beg L6C2 Quizlet,https://quizlet.com/932030500/klear-beginning1-lesson6-conversation2-flash-cards/?i=5mc1lp&x=1jqt
Beg L7C1,Klear Beg L7C1 Quizlet,https://quizlet.com/932030751/klear-beginning1-lesson7-conversation1-flash-cards/?i=5mc1lp&x=1jqt
Beg L7C2,Klear Beg L7C2 Quizlet,https://quizlet.com/932030931/klear-beginning1-lesson7-conversation2-flash-cards/?i=5mc1lp&x=1jqt
Beg L8C1,Klear Beg L8C1 Quizlet,https://quizlet.com/932033454/klear-beginning2-lesson8-conversation1-flash-cards/?i=5mc1lp&x=1jqt
Beg L8C2,Klear Beg L8C2 Quizlet,https://quizlet.com/932033826/klear-beginning2-lesson8-conversation2-flash-cards/?i=5mc1lp&x=1jqt
Beg L9C1,Klear Beg L9C1 Quizlet,https://quizlet.com/932033140/klear-beginning2-lesson9-conversation1-flash-cards/?i=5mc1lp&x=1jqt
Beg L9C2,Klear Beg L9C2 Quizlet,https://quizlet.com/875808850/klear-beginning2-lesson9-conversation2-flash-cards/?i=5mc1lp&x=1jqt
Beg L10C1,Klear Beg L10C1 Quizlet,https://quizlet.com/875818794/klear-beginning2-lesson10-conversation1-flash-cards/?i=5mc1lp&x=1jqt
Beg L10C2,Klear Beg L10C2 Quizlet,https://quizlet.com/875822582/klear-beginning2-lesson10-conversation2-flash-cards/?i=5mc1lp&x=1jqt
Beg L11C1,Klear Beg L11C1 Quizlet,https://quizlet.com/881155357/klear-beginning2-lesson11-conversation1-flash-cards/?i=5mc1lp&x=1jqt
Beg L11C2,Klear Beg L11C2 Quizlet,https://quizlet.com/881156214/klear-beginning2-lesson11-conversation2-flash-cards/?i=5mc1lp&x=1jqt
Beg L12C1,Klear Beg L12C1 Quizlet,https://quizlet.com/881158389/klear-beginning2-lesson12-conversation1-flash-cards/?i=5mc1lp&x=1jqt
Beg L12C2,Klear Beg L12C2 Quizlet,https://quizlet.com/881159531/klear-beginning2-lesson12-conversation2-flash-cards/?i=5mc1lp&x=1jqt
Beg L13C1,Klear Beg L13C1 Quizlet,https://quizlet.com/890451721/klear-beginning2-lesson13-conversation1-flash-cards/?i=5mc1lp&x=1jqt
Beg L13C2,Klear Beg L13C2 Quizlet,https://quizlet.com/890453469/klear-beginning2-lesson13-conversation2-flash-cards/?i=5mc1lp&x=1jqt
Beg L14C1,Klear Beg L14C1 Quizlet,https://quizlet.com/890454780/klear-beginning2-lesson14-conversation1-flash-cards/?i=5mc1lp&x=1jqt
Beg L14C2,Klear Beg L14C2 Quizlet,https://quizlet.com/890455932/klear-beginning2-lesson14-conversation2-flash-cards/?i=5mc1lp&x=1jqt
Beg L15C1,Klear Beg L15C1 Quizlet,https://quizlet.com/890550355/klear-beginning2-lesson15-conversation1-flash-cards/?i=5mc1lp&x=1jqt
Beg L15C2,Klear Beg L15C2 Quizlet,https://quizlet.com/890551553/klear-beginning2-lesson15-conversation2-flash-cards/?i=5mc1lp&x=1jqt
Beg L16C1,Klear Beg L16C1 Quizlet,https://quizlet.com/890552387/klear-beginning2-lesson16-conversation1-flash-cards/?i=5mc1lp&x=1jqt
Beg L16C2,Klear Beg L16C2 Quizlet,https://quizlet.com/890553515/klear-beginning2-lesson16-conversation2-flash-cards/?i=5mc1lp&x=1jqt
Int L1C1C2,Klear Int L1C1C2 Quizlet,https://quizlet.com/932122615/klear-intermediate1-lesson1-flash-cards/?i=5mc1lp&x=1jqt
Int L1C1,Klear Int L1C1 Quizlet,https://quizlet.com/984104137/klear-intermediate1-lesson1-conversation1-flash-cards/?i=5mc1lp&x=1qqt
Int L1C2,Klear Int L1C2 Quizlet,https://quizlet.com/984106561/klear-intermediate1-lesson1-conversation2-flash-cards/?i=5mc1lp&x=1jqt
Int L2C1C2,Klear Int L2C1C2 Quizlet,https://quizlet.com/932123536/klear-intermediate1-lesson2-flash-cards/?i=5mc1lp&x=1jqt
Int L2C1,Klear Int L2C1 Quizlet,https://quizlet.com/984107360/klear-intermediate1-lesson2-conversation1-flash-cards/?i=5mc1lp&x=1jqt
Int L2C2,Klear Int L2C2 Quizlet,https://quizlet.com/984107833/klear-intermediate1-lesson2-conversation2-flash-cards/?i=5mc1lp&x=1jqt
Int L3C1C2,Klear Int L3C1C2 Quizlet,https://quizlet.com/875812605/klear-intermediate1-lesson3-flash-cards/?i=5mc1lp&x=1jqt
Int L3C1,Klear Int L3C1 Quizlet,https://quizlet.com/984108275/klear-intermediate1-lesson3-conversation1-flash-cards/?i=5mc1lp&x=1jqt
Int L3C2,Klear Int L3C2 Quizlet,https://quizlet.com/984108749/klear-intermediate1-lesson3-conversation2-flash-cards/?i=5mc1lp&x=1jqt
Int L4C1C2,Klear Int L4C1C2 Quizlet,https://quizlet.com/878287220/klear-intermediate1-lesson4-flash-cards/?i=5mc1lp&x=1jqt
Int L4C1,Klear Int L4C1 Quizlet,https://quizlet.com/984109427/klear-intermediate1-lesson4-conversation1-flash-cards/?i=5mc1lp&x=1jqt
Int L4C2,Klear Int L4C2 Quizlet,https://quizlet.com/984109046/klear-intermediate1-lesson4-conversation2-flash-cards/?i=5mc1lp&x=1jqt
Int L5C1C2,Klear Int L5C1C2 Quizlet,https://quizlet.com/881162502/klear-intermediate1-lesson5-flash-cards/?i=5mc1lp&x=1jqt
Int L5C1,Klear Int L5C1 Quizlet,https://quizlet.com/984110318/klear-intermediate1-lesson5-conversation1-flash-cards/?i=5mc1lp&x=1jqt
Int L5C2,Klear Int L5C2 Quizlet,https://quizlet.com/984109841/klear-intermediate1-lesson5-conversation2-flash-cards/?i=5mc1lp&x=1jqt
Int L6C1C2,Klear Int L6C1C2 Quizlet,https://quizlet.com/881165944/klear-intermediate1-lesson6-flash-cards/?i=5mc1lp&x=1jqt
Int L6C1,Klear Int L6C1 Quizlet,https://quizlet.com/984111120/klear-intermediate1-lesson6-conversation1-flash-cards/?i=5mc1lp&x=1jqt
Int L6C2,Klear Int L6C2 Quizlet,https://quizlet.com/984110697/klear-intermediate1-lesson6-conversation2-flash-cards/?i=5mc1lp&x=1jqt
Int L7C1C2,Klear Int L7C1C2 Quizlet,https://quizlet.com/881167919/klear-intermediate1-lesson7-flash-cards/?i=5mc1lp&x=1jqt
Int L7C1,Klear Int L7C1 Quizlet,https://quizlet.com/984111688/klear-intermediate1-lesson7-conversation1-flash-cards/?i=5mc1lp&x=1jqt
Int L7C2,Klear Int L7C2 Quizlet,https://quizlet.com/984112540/klear-intermediate1-lesson7-conversation2-flash-cards/?i=5mc1lp&x=1jqt
Int L8C1C2,Klear Int L8C1C2 Quizlet,https://quizlet.com/890559632/klear-intermediate2-lesson8-flash-cards/?i=5mc1lp&x=1jqt
Int L8C1,Klear Int L8C1 Quizlet,https://quizlet.com/984112930/klear-intermediate2-lesson8-conversation1-flash-cards/?i=5mc1lp&x=1jqt
Int L8C2,Klear Int L8C2 Quizlet,https://quizlet.com/984113405/klear-intermediate2-lesson8-conversation2-flash-cards/?i=5mc1lp&x=1jqt
Int L9C1C2,Klear Int L9C1C2 Quizlet,https://quizlet.com/890562429/klear-intermediate2-lesson9-flash-cards/?i=5mc1lp&x=1jqt
Int L9C1,Klear Int L9C1 Quizlet,https://quizlet.com/984113748/klear-intermediate2-lesson9-conversation1-flash-cards/?i=5mc1lp&x=1jqt
Int L9C2,Klear Int L9C2 Quizlet,https://quizlet.com/984113748/klear-intermediate2-lesson9-conversation1-flash-cards/?i=5mc1lp&x=1jqt
Int L10C1C2,Klear Int L10C1C2 Quizlet,https://quizlet.com/890564117/klear-intermediate2-lesson10-flash-cards/?i=5mc1lp&x=1jqt
Int L10C1,Klear Int L10C1 Quizlet,https://quizlet.com/984114225/klear-intermediate2-lesson10-conversation1-flash-cards/?i=5mc1lp&x=1jqt
Int L10C2,Klear Int L10C2 Quizlet,https://quizlet.com/984114538/klear-intermediate2-lesson10-conversation2-flash-cards/?i=5mc1lp&x=1jqt
Int L11C1C2,Klear Int L11C1C2 Quizlet,https://quizlet.com/890565589/klear-intermediate2-lesson11-flash-cards/?i=5mc1lp&x=1jqt
Int L11C1,Klear Int L11C1 Quizlet,https://quizlet.com/984115001/klear-intermediate2-lesson11-conversation1-flash-cards/?i=5mc1lp&x=1jqt
Int L11C2,Klear Int L11C2 Quizlet,https://quizlet.com/984115316/klear-intermediate2-lesson11-conversation2-flash-cards/?i=5mc1lp&x=1jqt
Int L12C1C2,Klear Int L12C1C2 Quizlet,https://quizlet.com/890589149/klear-intermediate2-lesson12-flash-cards/?i=5mc1lp&x=1jqt
Int L12C1,Klear Int L12C1 Quizlet,https://quizlet.com/984115752/klear-intermediate2-lesson12-conversation1-flash-cards/?i=5mc1lp&x=1jqt
Int L12C2,Klear Int L12C2 Quizlet,https://quizlet.com/984116148/klear-intermediate2-lesson12-conversation2-flash-cards/?i=5mc1lp&x=1jqt
Int L13C1C2,Klear Int L13C1C2 Quizlet,https://quizlet.com/890589739/klear-intermediate2-lesson13-flash-cards/?i=5mc1lp&x=1jqt
Int L13C1,Klear Int L13C1 Quizlet,https://quizlet.com/984116546/klear-intermediate2-lesson13-conversation1-flash-cards/?i=5mc1lp&x=1jqt
Int L13C2,Klear Int L13C2 Quizlet,https://quizlet.com/984116941/klear-intermediate2-lesson13-conversation2-flash-cards/?i=5mc1lp&x=1jqt
Int L14C1C2,Klear Int L14C1C2 Quizlet,https://quizlet.com/890590933/klear-intermediate2-lesson14-flash-cards/?i=5mc1lp&x=1jqt
Int L14C1,Klear Int L14C1 Quizlet,https://quizlet.com/984117962/klear-intermediate2-lesson14-conversation1-flash-cards/?i=5mc1lp&x=1jqt
Int L14C2,Klear Int L14C2 Quizlet,https://quizlet.com/984118280/klear-intermediate2-lesson14-conversation2-flash-cards/?i=5mc1lp&x=1jqt
